ticker,company_name,total_score,growth_score,financial_health_score,valuation_score,momentum_score,news_score,confidence,confidence_completeness,signal_strength,signal_rate,evidence_sources
AAPL,Apple Inc.,63,17,12,3,18,13,Medium,95.0,Moderate,63.0,"Company, Events, Financials, Knowledge, News, Prices"
MSFT,Microsoft Corporation,69,18,18,9,12,12,Medium,95.0,Strong,69.0,"Company, Events, Financials, Knowledge, News, Prices"
NVDA,NVIDIA Corporation,80,20,20,11,18,11,Medium,95.0,Strong,80.0,"Company, Events, Financials, Knowledge, News, Prices"
AMD,"Advanced Micro Devices, Inc.",77,20,20,6,18,13,Medium,95.0,Strong,77.0,"Company, Events, Financials, Knowledge, News, Prices"
AVGO,Broadcom Inc.,61,20,17,8,5,11,Medium,95.0,Moderate,61.0,"Company, Events, Financials, Knowledge, News, Prices"
ORCL,Oracle Corporation,60,19,13,14,6,8,Medium,95.0,Moderate,60.0,"Company, Events, Financials, Knowledge, News, Prices"
CRM,"Salesforce, Inc.",73,17,16,16,10,14,High,100.0,Strong,73.0,"Company, Events, Financials, Knowledge, News, Prices"
ADBE,Adobe Inc.,63,14,14,18,5,12,High,100.0,Moderate,63.0,"Company, Events, Financials, Knowledge, News, Prices"
QCOM,QUALCOMM Incorporated,72,17,17,16,11,11,Medium,95.0,Strong,72.0,"Company, Events, Financials, Knowledge, News, Prices"
TXN,Texas Instruments Incorporated,73,17,17,12,15,12,High,100.0,Strong,73.0,"Company, Events, Financials, Knowledge, News, Prices"
NOW,"ServiceNow, Inc.",57,14,16,9,9,9,High,100.0,Moderate,57.0,"Company, Events, Financials, Knowledge, News, Prices"
AMAT,"Applied Materials, Inc.",72,17,20,3,15,17,High,100.0,Strong,72.0,"Company, Events, Financials, Knowledge, News, Prices"
GOOGL,Alphabet Inc.,66,20,14,9,12,11,Medium,90.0,Strong,66.0,"Company, Events, Financials, Knowledge, News, Prices"
META,"Meta Platforms, Inc.",64,17,20,3,15,9,Medium,95.0,Moderate,64.0,"Company, Events, Financials, Knowledge, News, Prices"
NFLX,"Netflix, Inc.",54,16,16,6,4,12,High,100.0,Moderate,54.0,"Company, Events, Financials, Knowledge, News, Prices"
DIS,The Walt Disney Company,56,10,16,9,8,13,Medium,90.0,Moderate,56.0,"Company, Events, Financials, Knowledge, News, Prices"
CMCSA,Comcast Corporation,57,13,13,15,1,15,Medium,95.0,Moderate,57.0,"Company, Events, Financials, Knowledge, News, Prices"
TMUS,"T-Mobile US, Inc.",50,8,11,14,5,12,Medium,95.0,Moderate,50.0,"Company, Events, Financials, Knowledge, News, Prices"
AMZN,"Amazon.com, Inc.",68,16,18,11,10,13,Medium,90.0,Strong,68.0,"Company, Events, Financials, Knowledge, News, Prices"
TSLA,"Tesla, Inc.",46,12,20,3,6,5,Medium,95.0,Moderate,46.0,"Company, Events, Financials, Knowledge, News, Prices"
HD,"The Home Depot, Inc.",48,10,13,6,4,15,Medium,95.0,Moderate,48.0,"Company, Events, Financials, Knowledge, News, Prices"
MCD,McDonald's Corporation,42,10,7,9,3,13,Medium,90.0,Moderate,42.0,"Company, Events, Financials, Knowledge, News, Prices"
NKE,"NIKE, Inc.",60,6,18,20,4,12,Medium,95.0,Moderate,60.0,"Company, Events, Financials, Knowledge, News, Prices"
LOW,"Lowe's Companies, Inc.",49,8,9,13,4,15,Medium,95.0,Moderate,49.0,"Company, Events, Financials, Knowledge, News, Prices"
